assets/AboutPage-B9MFSxM3.js	3287
assets/AtlasLegend-F5Xab_mp.js	6704
assets/AtlasPage-BhmEahz1.js	13275
assets/AtlasPage-C9AxBINe.css	1581
assets/AtlasSectionHeader-CtmV5q2N.js	12054
assets/DataPage-DFRb-jxR.js	32464
assets/DataPage-FM-0F_5W.css	17162
assets/EditorialColumn-PJeCJELZ.js	1470
assets/MethodPage-C44QMkJV.css	38562
assets/MethodPage-CY192Qc9.js	51640
assets/ProjectionMethodLabPage-Cqr7JEgj.css	11821
assets/ProjectionMethodLabPage-EDd9cWYn.js	13238
assets/StoryPage-CkM5vTVa.css	3451
assets/StoryPage-DVkGzFP4.js	163692
assets/index-BoPZeFXu.js	296593
assets/index-DtoZCb3e.css	85221
assets/network-X_oeRwug.js	557
assets/shield-check-C5N2yYF1.js	1956
assets/triangle-alert-BZNGUBgq.js	1523
data/current-release.json	494
data/releases/ATLAS_DG761_20260723_213011_KST_F7A35BC6/assets-manifest.json	99
data/releases/ATLAS_DG761_20260723_213011_KST_F7A35BC6/atlas-bounds.json	253
data/releases/ATLAS_DG761_20260723_213011_KST_F7A35BC6/atlas-centroids.json	8783
data/releases/ATLAS_DG761_20260723_213011_KST_F7A35BC6/atlas-node-secondary-behaviors.json	2485
data/releases/ATLAS_DG761_20260723_213011_KST_F7A35BC6/atlas-nodes-all.json	122764
data/releases/ATLAS_DG761_20260723_213011_KST_F7A35BC6/atlas-nodes-full.json	122764
data/releases/ATLAS_DG761_20260723_213011_KST_F7A35BC6/atlas-nodes-lite.json	122764
data/releases/ATLAS_DG761_20260723_213011_KST_F7A35BC6/atlas-summary.json	842
data/releases/ATLAS_DG761_20260723_213011_KST_F7A35BC6/atlas-topic-bins.json	9709
data/releases/ATLAS_DG761_20260723_213011_KST_F7A35BC6/evidence-index.json	32121
data/releases/ATLAS_DG761_20260723_213011_KST_F7A35BC6/evidence/EVID_04539DD9949E3D307726A2DB.json	2504
data/releases/ATLAS_DG761_20260723_213011_KST_F7A35BC6/evidence/EVID_13F7D774F4C5A2AA4A6C1B6F.json	3959
data/releases/ATLAS_DG761_20260723_213011_KST_F7A35BC6/evidence/EVID_18557647961C4C1481271E6B.json	2301
data/releases/ATLAS_DG761_20260723_213011_KST_F7A35BC6/evidence/EVID_1B18D2E6EB84827CAFB4EF70.json	1216
data/releases/ATLAS_DG761_20260723_213011_KST_F7A35BC6/evidence/EVID_1F4B3F53934A5A3EBC07E5C1.json	1894
data/releases/ATLAS_DG761_20260723_213011_KST_F7A35BC6/evidence/EVID_238914C385B630FBAA183AC0.json	2152
data/releases/ATLAS_DG761_20260723_213011_KST_F7A35BC6/evidence/EVID_30241F2584CC056B62BE5A89.json	3243
data/releases/ATLAS_DG761_20260723_213011_KST_F7A35BC6/evidence/EVID_312C46F35602CAD26DB7BA1F.json	2735
data/releases/ATLAS_DG761_20260723_213011_KST_F7A35BC6/evidence/EVID_3284E622399C0FD7E6183210.json	2404
data/releases/ATLAS_DG761_20260723_213011_KST_F7A35BC6/evidence/EVID_3B0401493250F4E231E905DA.json	15281
data/releases/ATLAS_DG761_20260723_213011_KST_F7A35BC6/evidence/EVID_437E9EB75AD071D9C3AAA1C8.json	1512
data/releases/ATLAS_DG761_20260723_213011_KST_F7A35BC6/evidence/EVID_43E065D777F9E1F27A10FA5E.json	13497
data/releases/ATLAS_DG761_20260723_213011_KST_F7A35BC6/evidence/EVID_46FB5C306FBCACBA5D73DF71.json	1529
data/releases/ATLAS_DG761_20260723_213011_KST_F7A35BC6/evidence/EVID_5432C4C87D7CD48E64ED2BB1.json	2319
data/releases/ATLAS_DG761_20260723_213011_KST_F7A35BC6/evidence/EVID_57D53419FEE16152D1F4A019.json	4376
data/releases/ATLAS_DG761_20260723_213011_KST_F7A35BC6/evidence/EVID_5B3142922358A7792F65DE0C.json	4856
data/releases/ATLAS_DG761_20260723_213011_KST_F7A35BC6/evidence/EVID_5B4681416FBF3CB90163024D.json	2148
data/releases/ATLAS_DG761_20260723_213011_KST_F7A35BC6/evidence/EVID_717D1F34B3A90B24DCBD4653.json	1325
data/releases/ATLAS_DG761_20260723_213011_KST_F7A35BC6/evidence/EVID_73E85B7E956CB3F09FB06511.json	3369
data/releases/ATLAS_DG761_20260723_213011_KST_F7A35BC6/evidence/EVID_79461CDE767270F0EC9FD352.json	2309
data/releases/ATLAS_DG761_20260723_213011_KST_F7A35BC6/evidence/EVID_7D7F05FD5253E3E36AAF5F46.json	15037
data/releases/ATLAS_DG761_20260723_213011_KST_F7A35BC6/evidence/EVID_7E6E85DB27FEA26F9BDD4F64.json	3709
data/releases/ATLAS_DG761_20260723_213011_KST_F7A35BC6/evidence/EVID_816A40FDCC8F34C5E3275461.json	1671
data/releases/ATLAS_DG761_20260723_213011_KST_F7A35BC6/evidence/EVID_844282CE7F3CB085E0A66B28.json	2075
data/releases/ATLAS_DG761_20260723_213011_KST_F7A35BC6/evidence/EVID_8DE0E062C17C462B960C6E22.json	1360
data/releases/ATLAS_DG761_20260723_213011_KST_F7A35BC6/evidence/EVID_8E0216FBAB0A966C0E0BD5B6.json	1851
data/releases/ATLAS_DG761_20260723_213011_KST_F7A35BC6/evidence/EVID_904E0307BEFF560C41A0CACD.json	14993
data/releases/ATLAS_DG761_20260723_213011_KST_F7A35BC6/evidence/EVID_952E4FE58CE1E1B93ACAD4CA.json	2133
data/releases/ATLAS_DG761_20260723_213011_KST_F7A35BC6/evidence/EVID_9A18BC7E691ADD4306D5DAEB.json	1945
data/releases/ATLAS_DG761_20260723_213011_KST_F7A35BC6/evidence/EVID_A426A1F41A4EE246B9A9FBB9.json	2303
data/releases/ATLAS_DG761_20260723_213011_KST_F7A35BC6/evidence/EVID_A4B37BD6B880EF78A0D8721E.json	13361
data/releases/ATLAS_DG761_20260723_213011_KST_F7A35BC6/evidence/EVID_A7F850DD33547B2085CD8D5A.json	2678
data/releases/ATLAS_DG761_20260723_213011_KST_F7A35BC6/evidence/EVID_A8AE5AE1975B8DC110353ED5.json	4714
data/releases/ATLAS_DG761_20260723_213011_KST_F7A35BC6/evidence/EVID_A9119DB363A79658F1FD47BA.json	2429
data/releases/ATLAS_DG761_20260723_213011_KST_F7A35BC6/evidence/EVID_AA36D13DADA42407031AC82A.json	1480
data/releases/ATLAS_DG761_20260723_213011_KST_F7A35BC6/evidence/EVID_ADED4382638C86BED544819C.json	1441
data/releases/ATLAS_DG761_20260723_213011_KST_F7A35BC6/evidence/EVID_B1858AE7655FA85EE63B2021.json	1734
data/releases/ATLAS_DG761_20260723_213011_KST_F7A35BC6/evidence/EVID_B66DE41063225B59538FDC73.json	6067
data/releases/ATLAS_DG761_20260723_213011_KST_F7A35BC6/evidence/EVID_B83084034FAAD48E6E246BAA.json	2194
data/releases/ATLAS_DG761_20260723_213011_KST_F7A35BC6/evidence/EVID_B96FA73AC01F07D98FAFDDD6.json	3481
data/releases/ATLAS_DG761_20260723_213011_KST_F7A35BC6/evidence/EVID_C487B53F31E323A09C1E9EE7.json	1847
data/releases/ATLAS_DG761_20260723_213011_KST_F7A35BC6/evidence/EVID_C8007B3A431FEE9A7BCA4C5A.json	3446
data/releases/ATLAS_DG761_20260723_213011_KST_F7A35BC6/evidence/EVID_C9180354772A5217ACFD4276.json	11558
data/releases/ATLAS_DG761_20260723_213011_KST_F7A35BC6/evidence/EVID_D268A96ECA02EC19CECFB910.json	4368
data/releases/ATLAS_DG761_20260723_213011_KST_F7A35BC6/evidence/EVID_D2A37B039658110A9090B3D0.json	2109
data/releases/ATLAS_DG761_20260723_213011_KST_F7A35BC6/evidence/EVID_D38A8B46D0F6F279FFDBE6AF.json	2059
data/releases/ATLAS_DG761_20260723_213011_KST_F7A35BC6/evidence/EVID_D524A2889E7371E34F2FE028.json	2491
data/releases/ATLAS_DG761_20260723_213011_KST_F7A35BC6/evidence/EVID_D6026748459FFF7AD553A023.json	4888
data/releases/ATLAS_DG761_20260723_213011_KST_F7A35BC6/evidence/EVID_DB8D01893615CCDB1A2742BD.json	1443
data/releases/ATLAS_DG761_20260723_213011_KST_F7A35BC6/evidence/EVID_DB9E2A3AAAD4101418FDD794.json	14983
data/releases/ATLAS_DG761_20260723_213011_KST_F7A35BC6/evidence/EVID_DDC3E3EC524A6EEB84FF2657.json	15063
data/releases/ATLAS_DG761_20260723_213011_KST_F7A35BC6/evidence/EVID_E2AFC5C3146E9038D972CBC0.json	1512
data/releases/ATLAS_DG761_20260723_213011_KST_F7A35BC6/evidence/EVID_E39FA93F9813206F7020C306.json	1646
data/releases/ATLAS_DG761_20260723_213011_KST_F7A35BC6/evidence/EVID_E3F9B5FA39D08726EDD7C631.json	2350
data/releases/ATLAS_DG761_20260723_213011_KST_F7A35BC6/evidence/EVID_E994F6470673BDA42C313934.json	2359
data/releases/ATLAS_DG761_20260723_213011_KST_F7A35BC6/evidence/EVID_EB73857391FEA9A91DDBFE4B.json	2171
data/releases/ATLAS_DG761_20260723_213011_KST_F7A35BC6/evidence/EVID_EB9DF065BE062149BCECE2B6.json	1522
data/releases/ATLAS_DG761_20260723_213011_KST_F7A35BC6/evidence/EVID_ED7E1EFDCE613D27BA84F3FB.json	1434
data/releases/ATLAS_DG761_20260723_213011_KST_F7A35BC6/evidence/EVID_F36711211829BB89C6BFE5EC.json	1568
data/releases/ATLAS_DG761_20260723_213011_KST_F7A35BC6/evidence/EVID_F43B7E35F7F97698F4F7A9AC.json	2479
data/releases/ATLAS_DG761_20260723_213011_KST_F7A35BC6/evidence/EVID_F7F2CBCB52B7D3D6BA8C8301.json	2759
data/releases/ATLAS_DG761_20260723_213011_KST_F7A35BC6/evidence/EVID_F9A077E38CF8A7949DA96761.json	2049
data/releases/ATLAS_DG761_20260723_213011_KST_F7A35BC6/evidence/EVID_F9D4203E5800B22EEF707588.json	25414
data/releases/ATLAS_DG761_20260723_213011_KST_F7A35BC6/evidence/EVID_FE9D9F4B30A2EE74D5E496B2.json	1732
data/releases/ATLAS_DG761_20260723_213011_KST_F7A35BC6/frontend-manifest.json	26652
data/releases/ATLAS_DG761_20260723_213011_KST_F7A35BC6/method-meta.json	387
data/releases/ATLAS_DG761_20260723_213011_KST_F7A35BC6/node-evidence-links.json	27331
data/releases/ATLAS_DG761_20260723_213011_KST_F7A35BC6/node-members.json	350957
data/releases/ATLAS_DG761_20260723_213011_KST_F7A35BC6/projection-meta.json	253
data/releases/ATLAS_DG761_20260723_213011_KST_F7A35BC6/topic-bins-index.json	9709
data/releases/ATLAS_DG761_STORY_20260724_024000_KST_D9DB2264/assets-manifest.json	105
data/releases/ATLAS_DG761_STORY_20260724_024000_KST_D9DB2264/atlas-bounds.json	253
data/releases/ATLAS_DG761_STORY_20260724_024000_KST_D9DB2264/atlas-centroids.json	8783
data/releases/ATLAS_DG761_STORY_20260724_024000_KST_D9DB2264/atlas-node-secondary-behaviors.json	2485
data/releases/ATLAS_DG761_STORY_20260724_024000_KST_D9DB2264/atlas-nodes-all.json	122764
data/releases/ATLAS_DG761_STORY_20260724_024000_KST_D9DB2264/atlas-nodes-full.json	122764
data/releases/ATLAS_DG761_STORY_20260724_024000_KST_D9DB2264/atlas-nodes-lite.json	122764
data/releases/ATLAS_DG761_STORY_20260724_024000_KST_D9DB2264/atlas-summary.json	1490
data/releases/ATLAS_DG761_STORY_20260724_024000_KST_D9DB2264/atlas-topic-bins.json	9709
data/releases/ATLAS_DG761_STORY_20260724_024000_KST_D9DB2264/evidence-index.json	32121
data/releases/ATLAS_DG761_STORY_20260724_024000_KST_D9DB2264/evidence/EVID_04539DD9949E3D307726A2DB.json	2504
data/releases/ATLAS_DG761_STORY_20260724_024000_KST_D9DB2264/evidence/EVID_13F7D774F4C5A2AA4A6C1B6F.json	3959
data/releases/ATLAS_DG761_STORY_20260724_024000_KST_D9DB2264/evidence/EVID_18557647961C4C1481271E6B.json	2301
data/releases/ATLAS_DG761_STORY_20260724_024000_KST_D9DB2264/evidence/EVID_1B18D2E6EB84827CAFB4EF70.json	1216
data/releases/ATLAS_DG761_STORY_20260724_024000_KST_D9DB2264/evidence/EVID_1F4B3F53934A5A3EBC07E5C1.json	1894
data/releases/ATLAS_DG761_STORY_20260724_024000_KST_D9DB2264/evidence/EVID_238914C385B630FBAA183AC0.json	2152
data/releases/ATLAS_DG761_STORY_20260724_024000_KST_D9DB2264/evidence/EVID_30241F2584CC056B62BE5A89.json	3243
data/releases/ATLAS_DG761_STORY_20260724_024000_KST_D9DB2264/evidence/EVID_312C46F35602CAD26DB7BA1F.json	2735
data/releases/ATLAS_DG761_STORY_20260724_024000_KST_D9DB2264/evidence/EVID_3284E622399C0FD7E6183210.json	2404
data/releases/ATLAS_DG761_STORY_20260724_024000_KST_D9DB2264/evidence/EVID_3B0401493250F4E231E905DA.json	15281
data/releases/ATLAS_DG761_STORY_20260724_024000_KST_D9DB2264/evidence/EVID_437E9EB75AD071D9C3AAA1C8.json	1512
data/releases/ATLAS_DG761_STORY_20260724_024000_KST_D9DB2264/evidence/EVID_43E065D777F9E1F27A10FA5E.json	13497
data/releases/ATLAS_DG761_STORY_20260724_024000_KST_D9DB2264/evidence/EVID_46FB5C306FBCACBA5D73DF71.json	1529
data/releases/ATLAS_DG761_STORY_20260724_024000_KST_D9DB2264/evidence/EVID_5432C4C87D7CD48E64ED2BB1.json	2319
data/releases/ATLAS_DG761_STORY_20260724_024000_KST_D9DB2264/evidence/EVID_57D53419FEE16152D1F4A019.json	4376
data/releases/ATLAS_DG761_STORY_20260724_024000_KST_D9DB2264/evidence/EVID_5B3142922358A7792F65DE0C.json	4856
data/releases/ATLAS_DG761_STORY_20260724_024000_KST_D9DB2264/evidence/EVID_5B4681416FBF3CB90163024D.json	2148
data/releases/ATLAS_DG761_STORY_20260724_024000_KST_D9DB2264/evidence/EVID_717D1F34B3A90B24DCBD4653.json	1325
data/releases/ATLAS_DG761_STORY_20260724_024000_KST_D9DB2264/evidence/EVID_73E85B7E956CB3F09FB06511.json	3369
data/releases/ATLAS_DG761_STORY_20260724_024000_KST_D9DB2264/evidence/EVID_79461CDE767270F0EC9FD352.json	2309
data/releases/ATLAS_DG761_STORY_20260724_024000_KST_D9DB2264/evidence/EVID_7D7F05FD5253E3E36AAF5F46.json	15037
data/releases/ATLAS_DG761_STORY_20260724_024000_KST_D9DB2264/evidence/EVID_7E6E85DB27FEA26F9BDD4F64.json	3709
data/releases/ATLAS_DG761_STORY_20260724_024000_KST_D9DB2264/evidence/EVID_816A40FDCC8F34C5E3275461.json	1671
data/releases/ATLAS_DG761_STORY_20260724_024000_KST_D9DB2264/evidence/EVID_844282CE7F3CB085E0A66B28.json	2075
data/releases/ATLAS_DG761_STORY_20260724_024000_KST_D9DB2264/evidence/EVID_8DE0E062C17C462B960C6E22.json	1360
data/releases/ATLAS_DG761_STORY_20260724_024000_KST_D9DB2264/evidence/EVID_8E0216FBAB0A966C0E0BD5B6.json	1851
data/releases/ATLAS_DG761_STORY_20260724_024000_KST_D9DB2264/evidence/EVID_904E0307BEFF560C41A0CACD.json	14993
data/releases/ATLAS_DG761_STORY_20260724_024000_KST_D9DB2264/evidence/EVID_952E4FE58CE1E1B93ACAD4CA.json	2133
data/releases/ATLAS_DG761_STORY_20260724_024000_KST_D9DB2264/evidence/EVID_9A18BC7E691ADD4306D5DAEB.json	1945
data/releases/ATLAS_DG761_STORY_20260724_024000_KST_D9DB2264/evidence/EVID_A426A1F41A4EE246B9A9FBB9.json	2303
data/releases/ATLAS_DG761_STORY_20260724_024000_KST_D9DB2264/evidence/EVID_A4B37BD6B880EF78A0D8721E.json	13361
data/releases/ATLAS_DG761_STORY_20260724_024000_KST_D9DB2264/evidence/EVID_A7F850DD33547B2085CD8D5A.json	2678
data/releases/ATLAS_DG761_STORY_20260724_024000_KST_D9DB2264/evidence/EVID_A8AE5AE1975B8DC110353ED5.json	4714
data/releases/ATLAS_DG761_STORY_20260724_024000_KST_D9DB2264/evidence/EVID_A9119DB363A79658F1FD47BA.json	2429
data/releases/ATLAS_DG761_STORY_20260724_024000_KST_D9DB2264/evidence/EVID_AA36D13DADA42407031AC82A.json	1480
data/releases/ATLAS_DG761_STORY_20260724_024000_KST_D9DB2264/evidence/EVID_ADED4382638C86BED544819C.json	1441
data/releases/ATLAS_DG761_STORY_20260724_024000_KST_D9DB2264/evidence/EVID_B1858AE7655FA85EE63B2021.json	1734
data/releases/ATLAS_DG761_STORY_20260724_024000_KST_D9DB2264/evidence/EVID_B66DE41063225B59538FDC73.json	6067
data/releases/ATLAS_DG761_STORY_20260724_024000_KST_D9DB2264/evidence/EVID_B83084034FAAD48E6E246BAA.json	2194
data/releases/ATLAS_DG761_STORY_20260724_024000_KST_D9DB2264/evidence/EVID_B96FA73AC01F07D98FAFDDD6.json	3481
data/releases/ATLAS_DG761_STORY_20260724_024000_KST_D9DB2264/evidence/EVID_C487B53F31E323A09C1E9EE7.json	1847
data/releases/ATLAS_DG761_STORY_20260724_024000_KST_D9DB2264/evidence/EVID_C8007B3A431FEE9A7BCA4C5A.json	3446
data/releases/ATLAS_DG761_STORY_20260724_024000_KST_D9DB2264/evidence/EVID_C9180354772A5217ACFD4276.json	11558
data/releases/ATLAS_DG761_STORY_20260724_024000_KST_D9DB2264/evidence/EVID_D268A96ECA02EC19CECFB910.json	4368
data/releases/ATLAS_DG761_STORY_20260724_024000_KST_D9DB2264/evidence/EVID_D2A37B039658110A9090B3D0.json	2109
data/releases/ATLAS_DG761_STORY_20260724_024000_KST_D9DB2264/evidence/EVID_D38A8B46D0F6F279FFDBE6AF.json	2059
data/releases/ATLAS_DG761_STORY_20260724_024000_KST_D9DB2264/evidence/EVID_D524A2889E7371E34F2FE028.json	2491
data/releases/ATLAS_DG761_STORY_20260724_024000_KST_D9DB2264/evidence/EVID_D6026748459FFF7AD553A023.json	4888
data/releases/ATLAS_DG761_STORY_20260724_024000_KST_D9DB2264/evidence/EVID_DB8D01893615CCDB1A2742BD.json	1443
data/releases/ATLAS_DG761_STORY_20260724_024000_KST_D9DB2264/evidence/EVID_DB9E2A3AAAD4101418FDD794.json	14983
data/releases/ATLAS_DG761_STORY_20260724_024000_KST_D9DB2264/evidence/EVID_DDC3E3EC524A6EEB84FF2657.json	15063
data/releases/ATLAS_DG761_STORY_20260724_024000_KST_D9DB2264/evidence/EVID_E2AFC5C3146E9038D972CBC0.json	1512
data/releases/ATLAS_DG761_STORY_20260724_024000_KST_D9DB2264/evidence/EVID_E39FA93F9813206F7020C306.json	1646
data/releases/ATLAS_DG761_STORY_20260724_024000_KST_D9DB2264/evidence/EVID_E3F9B5FA39D08726EDD7C631.json	2350
data/releases/ATLAS_DG761_STORY_20260724_024000_KST_D9DB2264/evidence/EVID_E994F6470673BDA42C313934.json	2359
data/releases/ATLAS_DG761_STORY_20260724_024000_KST_D9DB2264/evidence/EVID_EB73857391FEA9A91DDBFE4B.json	2171
data/releases/ATLAS_DG761_STORY_20260724_024000_KST_D9DB2264/evidence/EVID_EB9DF065BE062149BCECE2B6.json	1522
data/releases/ATLAS_DG761_STORY_20260724_024000_KST_D9DB2264/evidence/EVID_ED7E1EFDCE613D27BA84F3FB.json	1434
data/releases/ATLAS_DG761_STORY_20260724_024000_KST_D9DB2264/evidence/EVID_F36711211829BB89C6BFE5EC.json	1568
data/releases/ATLAS_DG761_STORY_20260724_024000_KST_D9DB2264/evidence/EVID_F43B7E35F7F97698F4F7A9AC.json	2479
data/releases/ATLAS_DG761_STORY_20260724_024000_KST_D9DB2264/evidence/EVID_F7F2CBCB52B7D3D6BA8C8301.json	2759
data/releases/ATLAS_DG761_STORY_20260724_024000_KST_D9DB2264/evidence/EVID_F9A077E38CF8A7949DA96761.json	2049
data/releases/ATLAS_DG761_STORY_20260724_024000_KST_D9DB2264/evidence/EVID_F9D4203E5800B22EEF707588.json	25414
data/releases/ATLAS_DG761_STORY_20260724_024000_KST_D9DB2264/evidence/EVID_FE9D9F4B30A2EE74D5E496B2.json	1732
data/releases/ATLAS_DG761_STORY_20260724_024000_KST_D9DB2264/frontend-manifest.json	27175
data/releases/ATLAS_DG761_STORY_20260724_024000_KST_D9DB2264/method-meta.json	387
data/releases/ATLAS_DG761_STORY_20260724_024000_KST_D9DB2264/node-evidence-links.json	27331
data/releases/ATLAS_DG761_STORY_20260724_024000_KST_D9DB2264/node-members.json	350957
data/releases/ATLAS_DG761_STORY_20260724_024000_KST_D9DB2264/projection-meta.json	253
data/releases/ATLAS_DG761_STORY_20260724_024000_KST_D9DB2264/story-metrics.json	1979
data/releases/ATLAS_DG761_STORY_20260724_024000_KST_D9DB2264/topic-bins-index.json	9709
favicon.svg	241
index.html	511
methodology/behavior-codebook.csv	1518
