sha256,path
eccc33e55e5c9f91c43d5f261a706b9fbc9d918bdefe13d71f251f25ed28753d,AGENT_3_FINAL_HANDOFF.json
84c886326f81a3f6b0fcf53ef453aa82b136b9ef3597ae1b2c466a6028f8e9a6,AGENT_3_NODE_SYSTEM_MANIFEST.json
e993f07ca948c380328b5063f362947896c552468da22811a708a1e215c1cd79,AGENT_4_NODE_SYSTEM_HANDOFF.md
e07d0f8dd64ed26530b02ae632baf312486912660cac43e548cd956a947fcc57,COMMAND_LOG.txt
ea1416e04771d6c9b0d483010d450e97d5f572029f8822eae85fa7c99a231464,FILE_CHANGE_MAP.csv
da8c7fc431b95a14ede980e04e957695a212c1b73ffe646734d786011fc92c9d,NODE_ACCESSIBILITY_AUDIT.csv
0a7aabec84e39da5044614a18d944045ca1cb76ae1954b4b44c7316fcf44bb49,NODE_DIRECTIONAL_NAVIGATION_TEST.csv
857557134521658b2415de9c2a67df89050aba31ba4766666503eb1b0a484299,NODE_EDGE_POLICY.csv
8085ba71051da8320355f9f2c8c8421672047ce7be3197b5020bbdeccc36ff25,NODE_GLYPH_SYSTEM_SPEC.csv
a591b5fb82bf76df94b37b96390b36fd1b98da5f504bc791ee55ab73f15d83b7,NODE_HIT_OVERLAP_AUDIT.csv
ac85da7d0eed72333c5d89c591fbbdc336376f2302012f4ff15f06115636a827,NODE_HIT_TARGET_AUDIT.csv
f6b3adc9af138fda4e8f5975c25d9a904815f367769c4b32dec4cc0d26820174,NODE_KEYBOARD_NAVIGATION_SPEC.md
275bb13a457b383a8a7a216b8217b8a6bbe60bb178b3ecc2d1bd8161a3b2f8fe,NODE_LABEL_LOD_MATRIX.csv
436da91a10e620fc489d8c07b6d97ca470082b91df9092e1549281ab317e74d1,NODE_OPACITY_COMPOSITION_SPEC.csv
7e2a5a14f1a0044da42fc0b9a3be4e503798ee4d07da73dafc42e608f25bb2d7,NODE_PERFORMANCE_REPORT.json
997204c9ab6091ab30d4fea340f9fce657cdd94187263365290c7d0511d1c219,NODE_RADIUS_POLICY.csv
d7bdb23fe4f1e266df98359a8278df2e67f56b2941a7d24d16d696e0a0d643d4,NODE_RESPONSIVE_GEOMETRY.csv
7283d45fd6628ee43da95195b595df33cc62b0ca624d8af1f9d4ee580146eb49,NODE_SEMANTIC_CONTRACT.md
d13535c553a5fdebf8a66d7a03efb4406622ea7187a812575fa969b6fd833e73,NODE_STATE_MATRIX.csv
a3f12810b1bb3354f3cf7fe4c08c3f67a41ebc870a6d79d355695c004a6403b2,NODE_STORY_EXPLORER_PARITY.csv
1056255fe51d5d23cc24c9f1d2f0ac17b0a64a35de0b47d02fcda91e9c78135c,NODE_SYSTEM_DEVELOPMENT_REPORT.json
22ca9f8741be1ecde161d127e01b0a01cc6cc0d6074fd7426d9980e106870f3c,NODE_SYSTEM_DEVELOPMENT_REPORT.md
9b3350300253cbaa1324fdc7b4bd38c2d86c8b203a25ff157310441b5610bf20,NODE_VIEWMODEL_CHANGE_REQUEST.md
83c38a7897bc99eaadc4a1556dd6679d58ab2bf92cd312afa7de8420218a3dc1,VISUAL_QA_INDEX.md
22bcbfb704346d47082ab263d427238d7e455172dbd6cdb427417741cc050519,playwright.node-system.config.ts
109ace281e2768ba9bf7f24adf0100723919ace295d5d6619705a8cb0523b180,screenshots/1440/atlas_1440x1000_unavailable-default.png
c81253ed55b4b7f297082e201b99adcb4f9597c109bbb3cf378a576e111c34a7,screenshots/1440/atlas_1440x900_approved-default.png
2122acbf3549733740751c2e0af7cfd55f95aae9c74cc401a4eccee30ae9c40e,screenshots/1920/atlas_1920x1080_approved-default.png
816548358f832802b0bfc84becd3ab94ca6daa5c12461b8eb79ab10770898af3,screenshots/1920/atlas_1920x1080_unavailable-default.png
c2c88dd4c6e258d566113f378c23fe7978962765ac4ecc05231fcb54a8bcd2a9,screenshots/320/atlas_320x800_approved-default.png
e9757a80f45346084db744e109dbf752b4f9204e7c58a9eb9fc5efe2aabb6942,screenshots/320/atlas_320x800_unavailable-default.png
c4214c02a6f6a0270228e9299292da9d3bffb03f710a6cba203e8f4708725d25,screenshots/375/atlas_375x812_approved-default.png
7a155b304e72b1b5eb9e22bd6c6cd0c149bf964da5a0cd1ee53f43d17c227bbf,screenshots/375/atlas_375x812_unavailable-default.png
de811c9f8c925a697fb234e42c7f13a871eac3b53859ea3feb0b1f1c85152a7f,screenshots/768/atlas_768x1024_approved-default.png
210b117b30d0858a2e8c8e525ff696c6315610da7d5728a7e594dbf252995821,screenshots/768/atlas_768x1024_unavailable-default.png
3e8ea5fa50e4c0416fe91c9f40175e832a7311ed979844cd042ef970d46b191b,screenshots/atlas_contract_fixture_1440x1000.png
d199d094a8277afe77bb32cfc3448c87eafa16d2ef2b8a0a0718d0a5172d9c54,screenshots/atlas_contract_fixture_selected_1440x1000.png
7a8cdc0dbd1b0e36e88e8dfd4327e76fc8e163ecdf26271758c45acd4aada2b8,screenshots/final_production_unavailable_375x812.png
7be10efb50bc0a8eaeb6885fe1033e79446f5146fb16c0bd7dd200d6f28e519b,screenshots/forced-colors/atlas_375x812_forced-colors.png
88aec10f4c05e1175a6fed7acceaf7c6e0c7f1c19af5e95aaf64a1814dd5d883,screenshots/reduced-motion/atlas_375x812_reduced-motion.png
7a8cdc0dbd1b0e36e88e8dfd4327e76fc8e163ecdf26271758c45acd4aada2b8,screenshots/story_production_unavailable_375x812.png
1138f9c4fedbae4656467297fb6b04a3c9db58bbdd9496a0e6bb87fae5994fd6,screenshots/text-spacing/atlas_375x812_text-spacing.png
c2c88dd4c6e258d566113f378c23fe7978962765ac4ecc05231fcb54a8bcd2a9,screenshots/zoom-400/atlas_320x800_zoom-400-simulated.png
