path,size_bytes,mtime
src/App.tsx,223,2026-07-23T13:17:31.4147135120
src/app/App.tsx,223,2026-07-23T13:17:32.1911050420
src/app/providers/AppProviders.tsx,257,2026-07-23T13:17:31.0651340790
src/app/router/AppRouter.test.tsx,1461,2026-07-23T13:27:13.6292540670
src/app/router/AppRouter.tsx,2608,2026-07-23T16:19:25.9441395200
src/app/router/AppScrollRestoration.tsx,427,2026-07-23T13:17:33.6910447040
src/app/router/AppShell.tsx,1253,2026-07-23T16:19:22.2014201850
src/app/router/DetailPage.tsx,7178,2026-07-23T21:18:12.8367520760
src/app/router/EvidenceRouteOverlay.tsx,1520,2026-07-23T21:17:25.5300453310
src/app/router/FoundationsPage.tsx,509,2026-07-23T16:19:25.5709025110
src/app/router/NotFoundPage.tsx,833,2026-07-23T16:22:44.0628728810
src/app/router/RouteAccessibility.tsx,1312,2026-07-23T17:59:47.2042324450
src/app/router/RouteErrorBoundary.tsx,1089,2026-07-23T16:19:26.3375714850
src/app/router/SkipLinks.tsx,593,2026-07-23T16:18:53.7417298570
src/app/router/routeConfig.test.ts,595,2026-07-23T13:26:24.9143331300
src/app/router/routeConfig.ts,378,2026-07-23T13:35:27.3037168460
src/app/styles/globals.css,152,2026-07-22T17:01:53.2596252990
src/app/styles/layout.css,32995,2026-07-23T20:52:39.4646065440
src/app/styles/motion.css,505,2026-07-22T17:01:53.2598840250
src/app/styles/reset.css,3119,2026-07-23T21:07:40.0425668820
src/app/styles/tokens.css,5139,2026-07-23T21:05:22.1619643810
src/app/styles/typography.css,2557,2026-07-23T21:05:16.5106613990
src/index.css,59,2026-07-22T17:01:53.2601327860
src/main.tsx,320,2026-07-23T13:17:31.8090065930
src/pages/about/AboutPage.tsx,2928,2026-07-23T21:17:26.7036499930
src/pages/atlas/AtlasPage.test.tsx,862,2026-07-23T21:33:52.9867116690
src/pages/atlas/AtlasPage.tsx,6894,2026-07-23T20:57:10.0059483260
src/pages/atlas/AtlasRouteError.tsx,570,2026-07-23T21:33:52.6067123900
src/pages/data/DataPage.tsx,5967,2026-07-23T21:21:56.3159706760
src/pages/method/MethodPage.tsx,4993,2026-07-23T21:17:26.2983037970
src/pages/story/StoryPage.tsx,5367,2026-07-23T21:21:54.4563160720
src/shared/api/atlas/atlasTransportSchema.test.ts,2772,2026-07-23T14:29:34.8675140150
src/shared/api/atlas/atlasTransportSchema.ts,14716,2026-07-23T16:35:41.4638995170
src/shared/api/atlas/evidenceRepository.ts,1756,2026-07-23T14:25:19.8063947990
src/shared/api/atlas/loadAtlasBundle.ts,4597,2026-07-23T16:37:39.1316942190
src/shared/api/atlas/loadAtlasManifest.test.ts,934,2026-07-23T14:29:35.2965157930
src/shared/api/atlas/loadAtlasManifest.ts,2400,2026-07-23T14:25:17.7410762730
src/shared/config/atlas/atlasEncoding.test.ts,2698,2026-07-23T20:46:45.8831391140
src/shared/config/atlas/atlasEncoding.ts,6094,2026-07-23T20:46:45.5216881820
src/shared/config/atlas/atlasWarnings.ts,534,2026-07-23T21:33:52.2427130790
src/shared/config/chapterNavigation.ts,861,2026-07-23T21:19:25.3039348580
src/shared/hooks/useBodyScrollLock.ts,812,2026-07-23T13:20:07.9822962300
src/shared/hooks/useDetailNavigation.ts,558,2026-07-23T13:17:32.9349775580
src/shared/hooks/useFocusTrap.ts,1747,2026-07-23T13:20:08.3684533690
src/shared/hooks/usePreferences.ts,316,2026-07-23T13:17:30.6749058740
src/shared/hooks/useReturnFocus.ts,863,2026-07-23T16:46:48.1158130660
src/shared/lib/atlas/atlasAccessibility.ts,894,2026-07-23T16:18:54.6286794530
src/shared/lib/atlas/atlasNodeHitTesting.test.ts,1611,2026-07-23T16:55:54.1241357890
src/shared/lib/atlas/atlasNodeHitTesting.ts,1770,2026-07-23T20:46:46.9713784770
src/shared/lib/atlas/atlasNodeNavigation.test.ts,3690,2026-07-23T20:46:46.6177006840
src/shared/lib/atlas/atlasNodeNavigation.ts,2482,2026-07-23T20:46:46.2838782730
src/shared/lib/atlas/atlasNodeParity.test.ts,2731,2026-07-23T17:34:52.3498914090
src/shared/lib/atlas/atlasNodeParity.ts,2522,2026-07-23T17:34:51.8916674920
src/shared/lib/atlas/atlasQueryState.test.ts,1839,2026-07-23T14:29:34.4258227300
src/shared/lib/atlas/atlasQueryState.ts,4116,2026-07-23T16:35:17.6415295960
src/shared/lib/atlas/scaleProjection.test.ts,2251,2026-07-23T20:46:47.2978502860
src/shared/lib/atlas/scaleProjection.ts,2259,2026-07-23T16:50:27.7680929530
src/shared/lib/atlas/toAtlasViewModel.ts,3415,2026-07-23T16:35:17.0741863990
src/shared/mock/storyData.ts,22022,2026-07-22T17:01:53.2614482750
src/shared/providers/PreferencesProvider.tsx,1441,2026-07-23T13:17:30.0936284440
src/shared/providers/preferenceContext.ts,302,2026-07-23T13:17:29.7603085210
src/shared/types/atlas.ts,2580,2026-07-23T16:35:16.6391030580
src/shared/types/routing.ts,349,2026-07-23T13:17:32.5650737390
src/shared/types/story.ts,2711,2026-07-22T17:01:53.2614482750
src/shared/ui/Badge.tsx,2126,2026-07-23T13:25:19.9352236110
src/shared/ui/ChapterFrame.tsx,2087,2026-07-23T21:06:29.7080048290
src/shared/ui/ContentGrid.tsx,326,2026-07-22T17:01:53.2623526340
src/shared/ui/EditorialColumn.tsx,342,2026-07-22T17:01:53.2624607460
src/shared/ui/EditorialImageField.tsx,4172,2026-07-22T17:01:53.2629192620
src/shared/ui/FoundationGallery.tsx,7588,2026-07-23T16:02:38.3890011360
src/shared/ui/LineSymbol.tsx,1570,2026-07-22T17:01:53.2629192620
src/shared/ui/PageFrame.tsx,318,2026-07-22T17:01:53.2629192620
src/shared/ui/RedlineAtlasCalibration.tsx,10564,2026-07-23T17:58:01.3037276880
src/shared/ui/SankeyFlowDiagram.tsx,17253,2026-07-23T15:27:42.6151902420
src/shared/ui/Tooltip.tsx,1361,2026-07-22T17:01:53.2634430330
src/shared/ui/atlas/AtlasDataStates.test.tsx,2443,2026-07-23T18:01:04.3383364060
src/shared/ui/atlas/AtlasDataStates.tsx,7463,2026-07-23T21:21:55.9318395530
src/shared/ui/atlas/AtlasProjectionNote.tsx,778,2026-07-23T15:56:20.4645819560
src/shared/ui/atlas/index.ts,279,2026-07-23T17:58:00.8048628730
src/shared/ui/evidence/EvidencePresentation.test.tsx,1365,2026-07-23T18:01:34.9318958020
src/shared/ui/evidence/EvidencePresentation.tsx,5053,2026-07-23T21:21:55.5553910540
src/shared/ui/evidence/index.ts,224,2026-07-23T17:58:22.1967474280
src/shared/ui/navigation/ChapterHashController.tsx,808,2026-07-23T13:33:04.9937328500
src/shared/ui/overlay/BottomSheet.tsx,232,2026-07-23T13:20:10.9740033850
src/shared/ui/overlay/Dialog.test.tsx,2130,2026-07-23T13:26:45.0921711270
src/shared/ui/overlay/Dialog.tsx,1939,2026-07-23T16:21:11.8213268110
src/shared/ui/overlay/Drawer.tsx,221,2026-07-23T13:20:10.6203637350
src/shared/ui/overlay/OverlayPortal.tsx,317,2026-07-23T13:20:09.8561769040
src/shared/ui/overlay/overlay.types.ts,265,2026-07-23T13:20:09.4415649000
src/shared/ui/story/StoryChapterUnavailable.tsx,1222,2026-07-23T21:17:23.6796120320
src/test/setup.ts,709,2026-07-23T13:26:44.7350559650
src/widgets/app-shell/FooterRail.tsx,1762,2026-07-23T21:19:25.6629045370
src/widgets/app-shell/HeaderNav.tsx,4900,2026-07-23T21:17:24.3517944830
src/widgets/app-shell/ProgressTracker.tsx,2179,2026-07-23T21:19:26.0566132150
src/widgets/atlas-explorer/AtlasControls.tsx,4161,2026-07-23T16:23:57.6779330630
src/widgets/atlas-explorer/AtlasDomMirror.tsx,4624,2026-07-23T16:46:47.7222825700
src/widgets/atlas-explorer/AtlasExplorer.test.tsx,6219,2026-07-23T20:46:48.7825946590
src/widgets/atlas-explorer/AtlasExplorer.tsx,6147,2026-07-23T20:47:22.3996139040
src/widgets/atlas-explorer/AtlasInspector.tsx,3284,2026-07-23T16:20:22.5629938380
src/widgets/atlas-explorer/AtlasLegend.tsx,2124,2026-07-23T15:52:37.6890191430
src/widgets/atlas-explorer/AtlasMetadataRail.tsx,595,2026-07-23T15:47:49.5101246940
src/widgets/atlas-explorer/AtlasNodeGlyph.tsx,3330,2026-07-23T20:46:47.6921576610
src/widgets/atlas-explorer/AtlasScene.tsx,7610,2026-07-23T20:46:48.0522774020
src/widgets/atlas-explorer/AtlasSectionHeader.tsx,849,2026-07-23T15:49:08.2129549360
src/widgets/atlas-explorer/AtlasStageFrame.tsx,681,2026-07-23T15:47:49.9931985440
src/widgets/atlas-explorer/AtlasUnavailableShell.tsx,4310,2026-07-23T16:20:23.5042506960
src/widgets/atlas-scene/ChapterAnswersAtlas.tsx,3503,2026-07-23T21:21:54.8325296770
src/widgets/case-sequence/ChapterCases.tsx,5399,2026-07-23T16:51:37.4474304610
src/widgets/evidence-chain-scene/ChapterRecord.tsx,8631,2026-07-23T16:51:36.6006870530
src/widgets/evidence-drawer/EvidenceDrawer.tsx,13629,2026-07-23T21:21:55.1866251770
src/widgets/gap-scene/ChapterGap.tsx,8404,2026-07-23T16:51:37.0099338340
src/widgets/overlay-root/GlobalOverlayRoot.tsx,397,2026-07-23T13:20:12.2910062210
src/widgets/prologue-scene/ChapterPrologue.tsx,11003,2026-07-23T21:35:31.1453578160
src/widgets/remains-scene/ChapterRemains.tsx,5228,2026-07-23T21:18:13.6009406980
src/widgets/scale-scene/ChapterScale.tsx,10187,2026-07-23T21:09:29.9088345930
tests/e2e/agent4-presentation-wcag.spec.ts,6112,2026-07-23T21:19:26.8478904600
tests/e2e/atlas-contract-shell.spec.ts,21762,2026-07-23T20:48:37.7354961920
tests/e2e/atlas-experience-design.spec.ts,4837,2026-07-23T21:21:56.6578473730
tests/e2e/technical-routing.spec.ts,8282,2026-07-23T16:46:48.5335848140
tests/e2e/vercel-preview.spec.ts,1320,2026-07-23T21:00:40.8399675470
